Medicamento;Indicação;Dosagem/Apresentação
abatacepte;Artrite idiopática juvenil;250 mg injetável – frasco-ampola (utilização por via intravenosa) –
abatacepte;Artrite reumatóide;125 mg injetável – seringa preenchida (utilização por via subcutânea)
acetazolamida;Glaucoma;250 mg – comprimido
acitretina;Ictioses hereditárias;10 mg – comprimido e 25 mg – comprimido
acitretina;Psoríase;10 mg e 25 mg – cápsula
adalimumabe;Artrite Idiopática Juvenil;40 mg injetável – seringa preenchida; 40 mg injetável – frasco-ampola
adalimumabe;Artrite Psoríaca;40 mg injetável – seringa preenchida
adalimumabe;Artrite Reumatóide;40 mg injetável – seringa preenchida;
adalimumabe;Doença de Crohn;40 mg injetável – seringa preenchida;
adalimumabe;Espondilite Ancilosante;40 mg injetável – seringa preenchida; 40 mg injetável – frasco-ampola
adalimumabe;Hidradenite Supurativa;40 mg injetável – seringa preenchida
adalimumabe;Psoríase;40 mg injetável – seringa preenchida
adalimumabe;Uveíte Não Infecciosa;40 mg injetável - seringa preenchida
alentuzumabe;Esclerose Múltipla;10 mg/mL – frasco ampola 1,2 mL
alfadornase;Fibrose Cística - Manifestações Pulmonares;2,5 mg – ampola.
alfaelosulfase;Mucopolissacaridose do Tipo IV;1mg/ml injetável solução injetável – por frasco ampola de 5ml
alfaepoetina;Anemia em pacientes com insuficiência renal crônica;1.000 UI, 2.000 UI, 3.000 UI, 4.000 UI e 10.000 UI injetável – frasco-ampola
alfaepoetina;Doença Falciforme;1.000 UI, 2.000 UI, 3.000 UI, 4.000 UI e 10.000 UI injetável – frasco-ampola
alfaepoetina;Hepatite Viral C e Coinfecções;10.000 UI injetável – frasco-ampola
alfaepoetina;Imunossupressão no Transplante de Medula ou Pâncreas;1.000 UI, 2.000 UI, 3.000 UI, 4.000 UI e 10.000 UI injetável – frasco-ampola
alfaepoetina;Síndrome Mielodisplásica de baixo risco;10.000 UI injetável – frasco-ampola.
alfagalsidase;Doença de Fabry;1 mg/ml (frasco ampola de 3,5 ml)
alfaglicosidase;Doença de Pompe;50 mg - frasco-ampola
alfainterferona 2b;Hemangioma Infantil;3.000.000 UI, 5.000.000 UI e 10.000.000 UI injetável – frasco-ampola
alfataliglicerase;Doença de Gaucher (E75.2);200 UI injetável – frasco
alfavelaglicerase;Doença de Gaucher;400 U injetável – frasco-ampola
alfavestronidase;Mucopolissacaridose tipo VII;10mg - solução injetável – frasco de 5 mL
amantadina;Doença de Parkinson;100 mg – comprimido
ambrisentana;Hipertensão Arterial Pulmonar;5 mg e 10 mg – comprimido revestido
atorvastatina;Dislipidemia para prevenção de eventos cardiovasculares e pancreatite;10 mg, 20 mg, 40 mg e 80 mg – comprimido
azatioprina;Anemia Aplástica, Mielodisplasia e Neutropenias Constitucionais;50 mg – comprimido
azatioprina;Artrite idiopática juvenil;50 mg – comprimido
azatioprina;Artrite Reumatóide;50 mg – comprimido
azatioprina;Dermatomiosite e Polimiosite;50 mg – comprimido
azatioprina;Doença de Crohn;50 mg – comprimido
azatioprina;Esclerose Múltipla;50 mg – comprimido
azatioprina;Esclerose Sistêmica;50 mg – comprimido
azatioprina;Hepatite Autoimune;50 mg – comprimido
azatioprina;Imunossupressão no Transplante Cardíaco;50 mg – comprimido
azatioprina;Imunossupressão no Transplante Hepático em Adultos;50 mg – comprimido
azatioprina;Imunossupressão no Transplante Renal;50 mg – comprimido
azatioprina;Imunossupressão no Transplantes de Coração e Pulmão;50 mg – comprimido
azatioprina;Imunossupressão no Transplantes de Medula ou Pâncreas;50 mg – comprimido
azatioprina;Imunossupressão noTransplante Hepático em Pediatria;50 mg – comprimido
azatioprina;Lúpus Eritematoso Sistêmico;50 mg – comprimido
azatioprina;Miastenia Gravis;50 mg – comprimido
azatioprina;Púrpura Trombocitopênica Idiopática;50 mg – comprimido
azatioprina;Retocolite Ulcerativa;50 mg – comprimido
azatioprina;Uveites não Infecciosas;50 mg – comprimido
baricitinibe;Artrite Reumatoide;2 mg, 4 mg - comprimido
beclometasona + formoterol + glicopirrônio;DPOC;solução aerossol para inalação oral de 100 µg + 6 µg + 12,5 µg.
betainterferona;Esclerose Múltipla;1A 12.000.000 UI (44 mcg) injetável – seringa preenchida;
bezafibrato;Dislipidemia para prevenção de eventos cardiovasculares e pancreatite;200 mg – drágea ou comprimido e 400 mg – comprimido de desintegração lenta
bimatoprosta;Glaucoma;0,3 mg/mL solução oftálmica – frasco de 3 mL
biotina;Deficiência de Biotinidase;2,5 mg - cápsula
bosentana;Hipertensão Arterial Pulmonar;62,5 mg e 125 mg – comprimido revestido
brimonidina;Glaucoma;2,0 mg/mL solução oftálmica – frasco de 5 mL
brinzolamida;Glaucoma;10 mg/mL suspensão oftálmica – frasco de 5 mL
budesonida;Asma;200 e 400 mcg – cápsula inalante
budesonida;Doença Pulmonar Obstrutiva Crônica;200 e 400 mcg – cápsula inalante
burosumabe;Raquitismo e Osteomalacia;10 mg/mL; 20 mg/mL; 30 mg/mL – Solução injetável.
cabergolina;Acromegalia;0,5 mg – comprimido
cabergolina;Hiperprolactinemia;0,5mg – comprimido
calcipotriol;Psoríase;50 mcg/g (0,005%) pomada – bisnaga de 30g
calcitonina;Doença de Paget;200 UI/dose spray nasal – frasco
calcitonina;Osteoporose;200 UI/dose spray nasal – frasco
calcitriol;Distúrbio Mineral Ósseo na Doença Renal Crônica;0,25 mcg – cápsula;
calcitriol;Hipoparatireoidismo;0,25 mcg – cápsula
calcitriol;Osteoporose;0,25 mcg – cápsula
calcitriol;Raquitismo e Osteomalácia;0,25 mcg – cápsula
certolizumabe pegol;Artrite Psoríaca;200mg/ml injetável (por seringa preenchida)
certolizumabe pegol;Artrite Reumatoide;200 mg/mL injetável – seringa preenchida
certolizumabe pegol;Doença de Crohn;200 mg injetável – seringa pré-preenchida
certolizumabe pegol;Espondilite Ancilosante;200mg/ml injetável – seringa preenchida
ciclofosfamida;Anemia Hemolítica Autoimune;50 mg – drágea
ciclofosfamida;Esclerose sistêmica;50 mg – drágea
ciclofosfamida;Lúpus Eritematoso Sistêmico;50 mg – drágea
ciclofosfamida;Púrpura Trombocitopênica Idiopática;50 mg – drágea
ciclofosfamida;Síndrome de Falência Medular;50 mg – drágea
ciclofosfamida;Síndrome Nefrótica Primária em Adultos;50 mg – drágea
ciclofosfamida;Síndrome Nefrótica Primária em Crianças e Adolescentes;50 mg – drágea
ciclosporina;Anemia Hemolítica Autoimune;25 mg, 50 mg e 100 mg – cápsula; 100 mg/mL solução oral – frasco de 50 mL
ciclosporina;Artrite idiopática juvenil;25 mg, 50 mg e 100 mg – cápsula; 100 mg/ml solução oral – frasco de 50 ml
ciclosporina;Artrite Psoríaca;25 mg, 50 mg e 100 mg – cápsula; 100 mg/mL solução oral – frasco de 50 mL
ciclosporina;Artrite Reumatóide;25 mg, 50 mg e 100 mg – cápsula; 100 mg/mL solução oral – frasco de 50 mL
ciclosporina;Dermatite Atópica;25 mg, 50 mg e 100 mg – cápsula; 100 mg/mL solução oral – frasco de 50 mL
ciclosporina;Dermatomiosite e Polimiosite;25 mg, 50 mg e 100 mg – cápsula; 100 mg/mL solução oral – frasco de 50 mL
ciclosporina;Imunossupressão no Transplante de Coração e Pulmão;25 mg, 50 mg e 100 mg – cápsula; 100 mg/mL solução oral – frasco de 50 mL
ciclosporina;Imunossupressão no Transplante de Medula ou Pâncreas;25 mg, 50 mg e 100 mg – cápsula; 100 mg/mL solução oral – frasco de 50 mL
ciclosporina;Imunossupressão no Transplante Hepático em Adultos;25 mg, 50 mg e 100 mg – cápsula; 100 mg/mL solução oral – frasco de 50 mL
ciclosporina;Imunossupressão no Transplante Renal;25 mg, 50 mg e 100 mg – cápsula; 100 mg/mL solução oral – frasco de 50 mL
ciclosporina;Imunossupressão no Transplante Cardíaco;10mg, 25 mg, 50 mg e 100 mg – cápsula; 100 mg/mL solução oral – frasco de 50 mL
ciclosporina;Imunossupressão no Transplante Hepático em Pediatria;25 mg, 50 mg e 100 mg – cápsula; 100 mg/mL solução oral – frasco de 50 mL
ciclosporina;Lúpus Eritematoso Sistêmico;25 mg, 50 mg e 100 mg – cápsula; 100 mg/mL solução oral – frasco de 50 mL
ciclosporina;Miastenia Gravis;25 mg, 50 mg e 100 mg – cápsula; 100 mg/ml solução oral – frasco de 50 ml
ciclosporina;Psoríase;25 mg, 50 mg e 100 mg – cápsula; 100 mg/mL solução oral – frasco de 50 mL
ciclosporina;Retocolite Ulcerativa;25 mg, 50 mg e 100 mg – cápsula; 100 mg/mL solução oral – frasco de 50 mL
ciclosporina;Síndrome de Falência Medular;10mg, 25 mg, 50 mg e 100 mg – cápsula; 100 mg/mL solução oral – frasco de 50 mL
ciclosporina;Síndrome Nefrótica Primária em Adultos;25 mg, 50 mg e 100 mg – cápsula
ciclosporina;Síndrome Nefrótica Primária em Crianças e Adolescentes;25 mg, 50 mg e 100 mg – cápsula; 100 mg/mL solução oral – frasco de 50 mL
ciclosporina;Uveítes não infecciosas;25 mg, 50 mg e 100 mg – cápsula; 100 mg/mL solução oral – frasco de 50 mL
cinacalcete;Distúrbio Mineral Ósseo na Doença Renal Crônica;30 mg e 60 mg – comprimido
ciprofibrato;Dislipidemia para prevenção de eventos cardiovasculares e pancreatite;100 mg – comprimido
ciproterona;Puberdade Precoce Central;50 mg – comprimido
ciproterona;Síndrome de Ovários Policísticos e Hirsutismo;50 mg – comprimido
cladribina;Esclerose Múltipla;10 mg – comprimido
clobazam;Epilepsia;10 mg e 20 mg – comprimido
clobetasol;Psoríase;Creme de 0,5 mg/g (bisnaga com 30 g); solução capilar a 0,5 mg/g (frasco com 50 g)
clopidogrel;Síndromes Coronarianas Agudas;75 mg – comprimido
cloroquina;Artrite idiopática juvenil;150 mg – comprimido
cloroquina;Artrite Reumatóide;150 mg – comprimido
cloroquina;Lúpus Eritematoso Sistêmico;150 mg – comprimido
clozapina;Doença de Parkinson;25 mg e 100 mg – comprimido
clozapina;Esquizofrenia;25 mg e 100 mg – comprimido
clozapina;Transtorno Afetivo Bipolar;25 mg e 100 mg – comprimido
clozapina;Transtorno Esquizoafetivo;25 mg e 100 mg – comprimido
codeína;Dor crônica;3 mg/mL solução oral – frasco de 120mL; 30 mg/ml injetável – ampola de 2mL;
complemento alimentar para paciente fenilcetonúrico;Fenilcetonúria;Menor de 1 ano; Maior de 1 ano; e Maior de 8 anos
danazol;Angioedema;100 mg – cápsula 200 mg – cápsula
danazol;Endometriose;100 mg – cápsula; 200 mg – cápsula
danazol;Lúpus Eritematoso Sistêmico;100 mg – cápsula
danazol;Púrpura Trombocitopênica Idiopática;100 mg – cápsula
dapagliflozina;Diabetes Mellitus tipo2;10 mg (POR COMPRIMIDO)
dapagliflozina;Estratégias para Atenuar a Progressão da Doença Renal Crônica;10 mg (por comprimido)
dapagliflozina;Insuficiência Cardíaca com Fração de Ejeção Reduzida;10 mg (por comprimido)
deferasirox;Sobrecarga de Ferro;125 mg, 250 mg e 500 mg – comprimido
deferiprona;Sobrecarga de Ferro;500 mg e 1000mg – comprimido
desferroxamina;Distúrbio Mineral Ósseo na Doença Renal Crônica;500 mg injetável – frasco-ampola
desferroxamina;Sobrecarga de Ferro;500 mg injetável – frasco-ampola
desmopressina;Diabetes Insípido;0,1 mg/ml solução nasal – frasco de 2,5 ml, 0,1 mg (por comprimido) e 0,2 mg (por
donepezila;Doença de Alzheimer;5 mg e 10 mg – comprimido
eculizumabe;Hemoglobinúria Paroxística Noturna;10 mg/ml solução injetável (frasco com 30 ml)
eltrombopague olamina;Púrpura trombocitopênica idiopática;25mg e 50mg – comprimidos revestidos
eltrombopague olamina;Síndrome de Falência Medular;25 mg e 50 mg – comprimido
enoxaparina sódica;Tromboembolismo Venoso em Gestantes com Trombofilia;40 mg/0,4 mL; 60mg/ 0,6mL – seringa preenchida
entacapona;Doença de Parkinson;200 mg – comprimido
etanercepte;Artrite idiopática juvenil;25 mg – frasco-ampola;
etanercepte;Artrite Psoríaca;25 mg – frasco-ampola;
etanercepte;Artrite Reumatóide;25 mg – frasco-ampola;
etanercepte;Espondilite Ancilosante;25 mg injetável – frasco-ampola
etanercepte;Psoríase;25 mg injetável – frasco ampola;
etossuximida;Epilepsia;50 mg/ml xarope – frasco de 120 ml
everolimo;Imunossupressão no Transplante Cardíaco;0,5 m g; 0,75 mg e 1 mg – comp rimido
everolimo;Imunossupressão no Transplante Hepático em Adultos;0,5 mg; 0,75 mg; e 1,0 mg – comprimido
everolimo;Imunossupressão no Transplante Hepático em Pediatria;0,5 mg; 0,75 mg; e 1,0 mg – comprimido
everolimo;Imunossupressão no Transplante Renal;0,5 mg; 0,75 mg; e 1,0 mg – comprimido
fenofibrato;Dislipidemia para prevenção de eventos cardiovasculares e pancreatite;200 mg – cápsula e 250 mg – cápsula de liberação retardada
fenoterol;Asma;100 mcg aerossol – frasco de 200 doses
fenoterol;Doença Pulmonar Obstrutiva Crônica;100 mcg aerossol – frasco de 200 doses
filgrastim;Doença pelo HIV resultando em outras doenças;300 mcg injetável – frasco
filgrastim;Hepatite Viral C e Coinfecções;300 mcg injetável – frasco
filgrastim;Síndrome de Falência Medular;300 mcg injetável – frasco
fingolimode;Esclerose múltipla;0,5 mg – cápsula
fludrocortisona;Hiperplasia Adrenal Congênita;0,1 mg – comprimido
fludrocortisona;Insuficiência Adrenal Primária - Doença de Addison;0,1 mg – comprimido
formoterol;Asma;12 mcg – cápsula inalante
formoterol;Doença Pulmonar Obstrutiva Crônica;12 mcg – cápsula inalante
formoterol + budesonida;Asma;Formoterol 12 mcg+ Budesonida 400 mcg – cápsula inalante ou pó inalante e
formoterol + budesonida;Doença Pulmonar Obstrutiva Crônica;Formoterol 12 mcg+ Budesonida 400 mcg – cápsula inalante ou pó inalante e
fumarato de dimetila;Esclerose Múltipla;120mg e 240mg – cápsula
furoato de fluticasona + brometo de umeclidínio + trifenato de vilanterol;DPOC;pó para inalação oral 100 mcg + 62,5 mcg + 25 mcg.
gabapentina;Dor Crônica;300 mg e 400 mg – cápsula
gabapentina;Epilepsia;300 mg e 400 mg – cápsula
galantamina;Doença de Alzheimer;8 mg, 16 mg e 24 mg – cápsula de liberação prolongada
galsulfase;Mucopolissacaridose tipo VI;1 mg/ml injetável - frasco com 5 ml
genfibrozila;Dislipidemia para prevenção de eventos cardiovasculares e pancreatite;600 mg e 900 mg – comprimido
glatiramer;Esclerose múltipla;40 mg injetável – frasco-ampola ou seringa preenchida
golimumabe;Artrite Psoríaca;50 mg injetável – seringa preenchida
golimumabe;Artrite Reumatóide;50 mg injetável – seringa preenchida
golimumabe;Espondilite Ancilosante;50 mg injetável – seringa preenchida
gosserrelina;Endometriose;3,6 mg e 10,8 mg injetável – seringa preenchida
gosserrelina;Leiomioma de útero;3,6 mg e 10,8 mg injetável – seringa preenchida
gosserrelina;Puberdade precoce central;3,6 mg e 10,8 mg injetável – seringa preenchida
hidroxicloroquina;Artrite idiopática juvenil;400 mg – comprimido
hidroxicloroquina;Artrite Reumatóide;400 mg – comprimido
hidroxicloroquina;Dermatomiosite e Polimiosite;400 mg – comprimido
hidroxicloroquina;Lúpus Eritematoso Sistêmico;400 mg – comprimido
hidroxiuréia;Doença Falciforme;100 mg – comprimido; 500 mg – cápsula
idursulfase alfa;Mucopolissacaridose do Tipo II;2 mg/ml injetável - frasco com 3 mL
iloprosta;Hipertensão Arterial Pulmonar;10 mcg/ml – solução para nebulização (ampola de 1ml)
imiglucerase;Doença de Gaucher;400 UI injetável – frasco-ampola
imunoglobulina humana;Anemia Hemolítica Autoimune;2,5 g e 5,0 g injetável – frasco
imunoglobulina humana;Dermatomiosite e Polimiosite;0,5g, 1g e 5,0g injetável – frasco
imunoglobulina humana;Doença pelo HIV resultando em outras doenças;2,5 g e 5,0 g injetável – frasco
imunoglobulina humana;Imunodeficiência primária com predominância de defeitos de anticorpos;2,5 g e 5,0 g injetável – frasco
imunoglobulina humana;Imunossupressão no Transplante Renal;2,5 g e 5,0 g injetável – frasco
imunoglobulina humana;Miastenia gravis;2,5 g e 5,0 g injetável – frasco
imunoglobulina humana;Púrpura Trombocitopênica Idiopática;2,5 g e 5,0 g injetável – frasco
imunoglobulina humana;Símdrome Inflamatória Multissistêmica Pediátrica associada a Covid-19;2,5 g e 5,0 g injetável – frasco
imunoglobulina humana;Síndrome de Falência Medular;0,5; 1,0; 2,5 e 5,0 g injetável – frasco
imunoglobulina humana;Síndrome de Guillain-Barré;2,5 g e 5,0 g injetável – frasco
infliximabe;Artrite idiopática juvenil;10 mg/ml injetável – frasco-ampola com 10ml
infliximabe;Artrite Psoríaca;10 mg/mL injetável – frasco-ampola com 10mL
infliximabe;Artrite Reumatóide;10 mg/mL injetável – frasco-ampola com 10mL
infliximabe;Doença de Crohn;100 mg injetável – frasco-ampola
infliximabe;Espondilite Ancilosante;10 mg/mL injetável – frasco-ampola com 10mL
infliximabe;Retocolite Ulcerativa;10 mg/mL injetável – frasco-ampola com 10mL
insulina análoga de ação prolongada;Diabetes Tipo I;100 UI/mL (Tubete de 3 mL ou Caneta preenchida de 3mL)
insulina análoga de ação rápida;Diabetes Tipo I;100 UI/mL (Tubete de 3 mL ou Caneta preenchida de 3mL)
isotretinoína;Acne Grave;10 mg e 20 mg – cápsula
ivacaftor;Fibrose Cística;150 mg – Comprimido Revestido.
ivacaftor / elexacaftor / tezacaftor + ivacaftor;Fibrose Cística;Elexacaftor 50 mg / Tezacaftor 25 mg / Ivacaftor 37,5 mg comprimido revestido co-embalado com Ivacaftor 75
lamotrigina;Epilepsia;25 mg, 50 mg e 100 mg – comprimido
lamotrigina;Transtorno Afetivo Bipolar;25 mg, 50 mg e 100 mg – comprimido
lanreotida;Acromegalia;60 mg, 90 mg e 120 mg injetável – seringa preenchida
laronidase;Mucopolissacaridose do Tipo I;0,58 mg/ml injetável - frasco com 5 mL
latanoprosta;Glaucoma;0,05 mg/ml solução oftálmica – frasco de 2,5mL
leflunomida;Artrite idiopática juvenil;20 mg – comprimido
leflunomida;Artrite Psoríaca;20 mg – comprimido
leflunomida;Artrite Reumatóide;20 mg – comprimido
leuprorrelina;Endometriose;3,75 mg injetável – frasco-ampola
leuprorrelina;Leiomioma de útero;3,75 mg injetável – frasco-ampola
leuprorrelina;Puberdade Precoce Central;3,75 mg e 45 mg (pó para suspensão injetável)
levetiracetam;Epilepsia;250 mg, 500 mg, 750 mg e 1000 mg por comprimido, 100 mg/mL solução oral –
memantina;Doença de Alzheimer;10mg - comprimido
mepolizumabe;Asma;100 mg/ml - solução injetável.
mesalazina;Doença de Crohn;400 mg, 500 mg e 800 mg – comprimido
mesalazina;Retocolite Ulcerativa;400 mg, 500 mg e 800 mg – comprimido;
metadona;Dor Crônica;5 mg e 10 mg – comprimido; 10 mg/mL injetável – ampola de 1mL
metilprednisolona;Doença de Chron (K50.0, K50.1, K50.8);500 mg injetável – ampola
metilprednisolona;Imunossupressão no transplante cardíaco (T86.2, Z94.1);500 mg injetável – ampola
metilprednisolona;Imunossupressão no transplante de outros órgãos e tecidos (Z94.8);500 mg injetável – ampola
metilprednisolona;Imunossupressão no transplante hepático em adultos (Z94.9, T86.4);500 mg injetável – ampola
metilprednisolona;Imunossupressão no transplante hepático em pediatria (T86.4, Z94.4);500 mg injetável – ampola
metilprednisolona;Imunossupressão no transplante pulmonar (Z94.2, Z94.3);500 mg injetável – ampola
metilprednisolona;Imunossupressão no transplante renal (T86.1, Z94.0);500 mg injetável – ampola
metilprednisolona;Lúpus Eritematoso Sistêmico;500 mg injetável – ampola (ver protocolo Lúpus)
metilprednisolona;Uveítes não Infecciosas (H30.1, H30.2, H30.8, H20.1, H15.0);500 mg solução injetável - ampola
metotrexato;Artrite Idiopática Juvenil;25mg/ml – injetável, frasco-ampola de 2ml; 2,5mg – comprimido
metotrexato;Artrite Psoríaca;25 mg/mL – injetável, ampola de 2 mL; 2,5 mg – comprimido
metotrexato;Artrite Reumatóide;25mg/mL – injetável, frasco-ampola de 2mL; 2,5mg – comprimido
metotrexato;Dermatomiosite e Polimiosite;25 mg/mL – injetável, ampola de 2 mL; e 2,5 mg – comprimido
metotrexato;Doença de Chron;25 mg/mL – injetável, ampola de 2 mL
metotrexato;Esclerose sistêmica;25 mg/mL – injetável, ampola de 2 mL; 2,5 mg – comprimido
metotrexato;Espondilite ancilosante;25 mg/mL – injetável, ampola de 2 mL e 2,5 mg – comprimido
metotrexato;Lupus Eritematoso Sistêmico;25 mg/mL – injetável, ampola de 2 mL; e 2,5 mg – comprimido
metotrexato;Psoríase;25 mg/mL – injetável, ampola de 2 mL; 2,5 mg – comprimido
micofenolato de mofetila;Imunossupressão no Transplante cardíaco;500 mg
micofenolato de mofetila;Imunossupressão no Transplante Hepático em Adultos;500 mg – comprimido
micofenolato de mofetila;Imunossupressão no Transplante Hepático em Pediatria;500 mg – comprimido
micofenolato de mofetila;Imunossupressão no Transplante Renal;500 mg – comprimido
micofenolato de mofetila;Lúpus Eritematoso Sistemico;500 mg – comprimido.
micofenolato de sódio;Imunossupressão no Transplante Cardíaco;180 mg e 360 mg – comprimido
micofenolato de sódio;Imunossupressão no Transplante Hepático em Adultos;180 mg e 360 mg – comprimido
micofenolato de sódio;Imunossupressão no Transplante Renal;180 mg e 360 mg – comprimido
micofenolato de sódio;Imunossupressão no Transplante Hepático em Pediatria;180 mg e 360 mg – comprimido
miglustate;Doença de Gaucher;100 mg – cápsula
morfina;Dor Crônica;10 mg/mL injetável – ampola de 1 mL; 10 mg/mL solução oral – frasco de 60 mL;
naproxeno;Artrite idiopática juvenil;250mg e 500mg – comprimido
naproxeno;Artrite Psoríaca;250 mg e 500 mg – comprimido
naproxeno;Artrite Reumatóide;250mg e 500mg – comprimido
naproxeno;Dor Crônica;500 mg – comprimido.
naproxeno;Espondilite Ancilosante;250 mg e 500 mg – comprimido
natalizumabe;Esclerose múltipla;300 mg – frasco-ampola
nusinersena;Atrofia Muscular Espinhal 5q Tipo 1 (G12.0);2,4 mg/ml solução injetável - frasco-ampola (5 ml)
nusinersena;Atrofia Muscular Espinhal 5q Tipo 2 (G12.1);2,4 mg/ml solução injetável - frasco-ampola (5 ml)
octreotida;Acromegalia;Lar 10 mg, 20 mg e 30 mg injetável – frasco-ampola; 0,1 mg/ml injetável – ampola
olanzapina;Esquizofrenia;5 mg e 10 mg – comprimido
olanzapina;Transtorno Afetivo Bipolar;5 mg e 10 mg – comprimido
olanzapina;Transtorno Esquizoafetivo;5 mg e 10 mg – comprimido
omalizumabe;Asma;150mg (por frasco ampola de 2 ml)
pamidronato;Osteoporose;60 mg injetável – frasco-ampola
pancreatina;Fibrose Cística - Insuficiência Pancreática;10.000 UI e 25.000 UI – cápsula
pancreatina;Insuficiência Pancreática Exócrina;10.000 UI e 25.000 UI de lipase – cápsula
paricalcitol;Distúrbio Mineral Ósseo na Doença Renal Crônica;5,0 mcg/mL – ampola de 1 mL
penicilamina;Doença de Wilson;250 mg – cápsula
pilocarpina;Glaucoma;20 mg/ml solução oftálmica – frasco de 10mL
piridostigmina;Miastenia Gravis;60 mg – comprimido
pramipexol;Doença de Parkinson;0,125 mg, 0,25 mg e 1 mg – comprimido
pravastatina;Dislipidemia para prevenção de eventos cardiovasculares e pancreatite;10 mg, 20 mg e 40 mg – comprimido
primidona;Epilepsia;100 mg e 250 mg – comprimido
quetiapina;Esquizofrenia;25 mg, 100 mg, 200 mg e 300 mg – comprimido
quetiapina;Transtorno Afetivo Bipolar;25 mg, 100 mg, 200 mg e 300 mg – comprimido
quetiapina;Transtorno Esquizoafetivo;25 mg, 100 mg, 200 mg e 300 mg – comprimido
raloxifeno;Osteoporose;60 mg – comprimido
rasagilina;Doença de Parkinson;1 mg – comprimido
riluzol;Esclerose Lateral Amiotrófica;50 mg – comprimido
risanquizumabe;Psoríase;CANETA APLICADORA 150MG/ML COM 1 ML.
risdiplam;Atrofia Muscular Espinhal 5q Tipo 1 (G12.0);0,75 mg/mL pó para solução oral – frasco 80 mL.
risdiplam;Atrofia Muscular Espinhal 5q Tipo 2 (G12.1);0,75 mg/mL pó para solução oral – frasco 80 mL.
risedronato;Doença de Paget;35 mg - comprimido
risedronato;Osteoporose;35 mg - comprimido
risperidona;Comportamento Agressivo como Transtorno do Espectro do Autismo;1 mg, 2 mg e 3 mg – comprimido; 1 mg/ml – solução oral (por frasco de 30 ml)
risperidona;Esquizofrenia;1 mg, 2 mg e 3 mg – comprimido
risperidona;Transtorno Afetivo Bipolar;1 mg, 2 mg e 3 mg – comprimido
risperidona;Transtorno Esquizoafetivo;1 mg, 2 mg e 3 mg – comprimido
rituximabe;Artrite Reumatoide;500 mg injetável – frasco-ampola de 50mL
rituximabe;Vasculite;Rituximabe 500mg injetável- frasco ampola de 50ml
rivastigmina;Doença de Alzheimer;1,5 mg, 3 mg, 4,5 mg e 6 mg – cápsula;
rivastigmina;Doença de Parkinson;1,5 mg; 3 mg; 4,5 mg; 6 mg – cápsula
sacarato de hidróxido férrico;Anemia em Pacientes com Insuficiência Renal Crônica - Reposição de Ferro;100 mg injetável – frasco de 5mL
sacubitril valsartana;Insuficiência Cardíaca;50 mg,100 mg e 200 mg - por comprimido.
sapropterina;Fenilcetonúria;100 mg - comprimido
secuquinumabe;Artrite psoríaca;150mg/mL solução injetável – seringa preenchida
secuquinumabe;Espondilite Ancilosante;150mg/mL solução injetável – seringa preenchida
secuquinumabe;Psoríase;150 mg/mL solução injetável (seringa preenchida)
selexipague;Hipertensão Arterial Pulmonar;200 mcg, 400 mcg, 600 mcg, 800 mcg, 1000 mcg, 1200 mcg, 1400 mcg
sevelamer;Distúrbio Mineral Ósseo na Doença Renal Crônica;800 mg – comprimido
sildenafila;Esclerose Sistêmica;25 mg e 50 mg – comprimido
sildenafila;Hipertensão Arterial Pulmonar;20 mg – comprimido
sirolimo;Imunossupressão no Transplante Hepático em Pediatria;1 mg e 2 mg – drágea
sirolimo;Imunossupressão no Transplante Renal;1 mg e 2 mg – drágea
sirolimo;Linfangioleiomiomatose (J84.8);1 mg e 2 mg – drágea
somatropina;Deficiência de Hormônio do Crescimento - Hipopituitarismo;• 4 UI injetável (1,33 mg por frasco-ampola = 1,33 mg por ml de solução injetável)
somatropina;Síndrome de Turner;• 4 UI injetável (1,33 mg por frasco-ampola = 1,33 mg por ml de solução injetável)
sulfassalazina;Artrite idiopática juvenil;500 mg – comprimido
sulfassalazina;Artrite Psoríaca;500 mg – comprimido
sulfassalazina;Artrite Reativa - Doença de Reiter;500 mg – comprimido
sulfassalazina;Artrite Reumatóide;500 mg – comprimido
sulfassalazina;Artropatia Enteropática;500 mg – comprimido
sulfassalazina;Doença de Crohn;500 mg – comprimido
sulfassalazina;Espondilite Ancilosante;500 mg – comprimido
sulfassalazina;Retocolite Ulcerativa;500 mg – comprimido
tacrolimo;Imunossupressão no Transplante Cardíaco;1 m g – cápsula e 5 mg – cápsul a
tacrolimo;Imunossupressão no Transplante Hepático em Adultos;1 mg e 5 mg – cápsula
tacrolimo;Imunossupressão no Transplante Hepático em Pediatria;1 mg e 5 mg – cápsula
tacrolimo;Imunossupressão no Transplante Renal;1 mg e 5 mg – cápsula
tacrolimo;Síndrome Nefrótica Primária em Crianças e Adolescentes;1 mg e 5 mg – cápsula
tafamidis;Amiloidoses Associadas à Transtirretina;20mg - cápsula, 61mg - cápsulas
teriflunomida;Esclerose Multipla;14 mg – comprimido
timolol;Glaucoma;5,0 mg/ml solução oftálmica – frasco de 5mL
tiotrópio + olodaterol;DPOC;Brometo de Tiotrópio Monoidratado 2,5 mcg + cloridrato de Olodaterol 2,5 mcg –
tobramicina;Fibrose Cística - Manifestações Pulmonares;300 mg/5 mL solução para inalação.
tocilizumabe;Artrite idiopática juvenil;20mg/ml injetável – frasco-ampola de 4ml
tocilizumabe;Artrite Reumatoide;20mg/ml injetável – frasco-ampola de 4ml
tofacitinibe;Artrite Psoríaca;5 mg – comprimido
tofacitinibe;Artrite Reumatóide;5 mg – comprimido
tofacitinibe;Retocolite Ulcerativa;5 mg – comprimido revestido
topiramato;Epilepsia;25 mg, 50 mg e 100 mg – comprimido
toxina botulínica tipo a;Distonias e Espasmo Hemifacial;100 UI e 500 UI injetável – frasco-ampola
toxina botulínica tipo a;Espasticidade;100 UI e 500 UI injetável – frasco-ampola
travoprosta;Glaucoma;0,04 mg/ml solução oftálmica – frasco de 2,5mL
trientina;Doença de Wilson;250 mg – cápsula
triexifenidil;Doença de Parkinson;5 mg – comprimido
triptorrelina;Endometriose;3,75 mg e 11,25 mg injetável – frasco-ampola
triptorrelina;Leiomioma de útero;3,75 mg e 11,25 mg injetável – frasco-ampola
triptorrelina;Puberdade Precoce Central;3,75 mg, 11,25 mg e 22,5 mg (pó para suspensão injetável).
umeclidínio + vilanterol;DPOC;Brometo de Umeclidineo 62,5mcg + Trifenatato de Vilanterol 25mcg (pó inalante)
upadacitinibe;Artrite Reumatóide;15 mg – comprimido revestido de liberação prolongada.
ustequinumabe;Psoríase;45mg/0,5ml injetável – seringa preenchida
vedolizumabe;Retocolite Ulcerativa;300 mg/ml injetável – frasco-ampola
vigabatrina;Epilepsia;500 mg – comprimido
ziprasidona;Esquizofrenia;40 mg e 80 mg – cápsula
ziprasidona;Transtorno Esquizoafetivo;40 mg e 80 mg – cápsula
ácido ursodesoxicólico;Colangite Biliar Primária;50 mg, 150 mg e 300 mg – comprimido
ácido zoledrônico;Doença de Paget;5 mg/100 mL - frasco com 100 mL de solução
ácido zoledrônico;Osteoporose;5 mg/100 mL - frasco com 100 mL de solução
